Address,Postcode
"15 St Marys Close, Great Baddow",CM2 8EG
"Park Place, Llangattock",NP8 1HL
"128 Pershore Avenue, Grimsby",DN34 5QA
"6 Gala Drive, Stourport-On-Severn",DY13 8DY
"Highways, Broad Lane, Betteshanger",CT14 0LR
"24 Tulse Hill, London",SW2 2TP
"6 Eglos View, Boscastle",PL35 0EZ
"60 North Side, New Tupton",S42 6BW
"5 Stryd Llewelyn, Llanfaes",LL58 8LF
"4 Queens Grove, Manchester",M12 4WL
"8 Cromwell Avenue, East Cowes",PO32 6GE
"4 Viewlands, Little Smeaton",WF8 3LJ
"34 Goldring Avenue, Hellingly",BN27 4BX
"1 The Mews, 17 Brookley Road, Brockenhurst",SO42 7AD
"2 Oaklands Close, Chulmleigh",EX18 7AU
"151 Rose Hill Road, Ashton-Under-Lyne",OL6 8HS
"203 Grangeway, Rushden",NN10 9JQ
"49 Kingscroft, London",SW4 8ED
"Hughfield, Burradon Road, Annitsford",NE23 7BB
"2 Lych Gate, Watford",WD25 0LS
"67 School Lane, Lower Cambourne",CB23 5DX
"15 The Waverleys, Thatcham",RG18 3EZ
"1 Garden Cottages, Ystradgynlais",SA9 1JZ
"8 Terrace Road, Aberdovey",LL35 0LP
"16 High Street, Sawston",CB22 3BG
"69 The Gardens, Southwick",BN42 4AP
"Garregwen, Rhosgoch",LL66 0AA
"1 Stanley Cottages, Leeds",ME17 1RL
"23 Castle Street, Bala",LL23 7YB
"7 Sparrow Close, Attleborough",NR17 1GP
"77 Manvers Road, Beighton",S20 1AX
"6 Fieldside Road, Kinsley",WF9 5LG
"Apartment 3 Block A, The Printworks, Sizer Street, Preston",PR1 7AW
"3 Nailers Row, Wombourne",WV5 0AR
"20 Tiree Close, Tibshelf",DE55 5QX
"Tynings, Stanton Drew",BS39 4EJ
"11 Springfield Lane, Rhiwderin",NP10 8QZ
"Lonsdale Steel Craft, Elemore Vale",DH5 0QU
"Sir Bedevere, Castle View, Tintagel",PL34 0DH
"Flat 11, 1 Brosse Way, Bromley",BR2 8FF
"Sunset Cottage, South Molton",EX36 3ER
"4 Railway Cottage, Ripe Lane, Firle",BN8 6NJ
"1 Locke Row, Woodford Halse",NN11 3FJ
"6 Shellard Road, Bristol",BS34 7LT
"10 Lewis Close, Jameson Manor",NE20 0FA
"2 Colne Bank, Horton",SL3 9PG
"Unit 1 Mersey Road Industrial Estate, Failsworth",M35 9LU
"Bunratty, The Mall, Brading",PO36 0BU
"11 Yates Street, Blackpool",FY1 2DE
"7 Ashburnham Road, London",SW10 0PF
"17 Bordale Avenue, Manchester",M9 4LQ
"Manderley, Norton Terrace, Llandrindod Wells",LD1 6AT
"Bryn Awelon, 25 Mount Street, Menai Bridge",LL59 5BP
"Unit 5 Enterprise Park, Leeds",LS11 8HA
"154 Church Road, Birkenhead",CH42 0LL
"Accar, Cefn",LL17 0HF
"3 Tanycoed, Talybont",SY24 5EG
"17 Acton Close, Redditch",B98 9HP
"Garn Villa, Penygarn, Bow Street",SY24 5BQ
"Viewpoint House, 240 London Road, Staines-Upon-Thames",TW18 4JT
"1 Launceston Road, Walsall",WS5 3ED
"Meadow Cottage, Watery Lane, Weymouth",DT3 5QD
"11 Argyll Close, Horsforth",LS18 5SP
"3 The Promenade, Edgware",HA8 7LB
"38 Buckingham Road, Norwich",NR4 7DQ
"7 Gordon Road, Southall",UB2 5QE
"The Limes, Shepherds Walk, Epsom",KT18 6DF
"Willow Court Nursing Extension, Croft Lane, Cherry Willingham",LN3 4JW
"11 St Stephens Drive, Bolbeck Park",MK15 8PB
"Flat 10, Henry House, 111 Queens Road, Bishopsworth",BS13 8BT
"7 Porthcressa Road, St Marys",TR21 0JL
"20 Rochford Way, Walton On The Naze",CO14 8RW
"Adele House, Springwood Drive, Peasenhall",IP17 2LF
"14 Greyhound Lane, London",SW16 5SD
"Pixton Lodge, Hartfield Road, Forest Row",RH18 5JT
"Little Croft, Beckside",LA17 7TJ
"Flat 68, Great Arthur House, Golden Lane Estate, London",EC1Y 0RQ
"9 Scotland Close, Horsforth",LS18 5SG
"10 Wellands Road, Lyndhurst",SO43 7AD
"53 Sun Street, Eastburn",BD20 8UR
"1 Manor Farm Cottages, Doulting",BA4 4QG
"69 Longfield Road, Ash",GU12 6NB
"6 Myrtle Road, Martock",TA12 6ED
"Larch Glen, Sandy Lane, Bishops Offley",ST21 6HG
"Apartment 1508, The Heron, 5 Moor Lane, London",EC2Y 9AZ
"58 Mell Road, Tollesbury",CM9 8SP
"4 Fairway, Tiverton",EX16 4NF
"1 Sunset View, Alston",CA9 3JH
"6 Kerry Close, Shaw",SN5 5SQ
"3 Curlew Walk, Leicester",LE5 3FD
"41 Bailey Crescent, Mansfield",NG19 6JE
"Flat 5, 42 Park Square North, Leeds",LS1 2NP
"54 Burbage Road, Swindon",SN2 5HY
"Sunnyside, Rame Cross",TR10 9EB
"Woodhay, Portsmouth Road, Milford",GU8 5HP
"1 South Street, Darwen",BB3 3HZ
"35C Ramsons Avenue, Conniburrow",MK14 7BB
"5 Aldershot Walk, Manchester",M11 3UQ
"Old Dairy Cottage, Montacute",TA15 6XL
"196 Oldbury Road, Rowley Regis",B65 0NW
"Whitecross Farmhouse, Broughton",WV5 7AS
"Teal Hatch, Friars Road, Virginia Water",GU25 4RP
"Yew Tree Cottage, Park Lane, Brook",GU8 5LA
"36 Cotmer Road, Lowestoft",NR33 9PW
"Cranford Cottage, High Street, Ripley",GU23 6AY
"8 Priory Close, Horley",RH6 8AX
"The Rectory, Westerfield Road, Westerfield",IP6 9AG
"13 Evesham Road, Cheadle",SK8 2LR
"2 Bullion Lane, Chester Le Street",DH2 2AL
"44 Molineux Street, Derby",DE23 8HE
"The Elms, Biddisham",BS26 2RD
"38 Davison Avenue, Whitley Bay",NE26 1SD
"1 Dadson Court, Smarden",TN27 8AD
"Goodfellow Farm, Church Lane, Reed",SG8 8AR
"67 Lisle Grove, Wallsend",NE28 0LS
"33 Clifford Street, Wigston",LE18 4SJ
"2 Lavender Court, Ferringham Lane, Ferring",BN12 5LX
"5 Acacia Way, Sidcup",DA15 8WW
"Flat 1, 2 Saltoun Road, London",SW2 1EP
"Glanwenny Lodge, Ewenny Road, Ewenny",CF35 5AW
"Pyecombe Lodge, Church Lane, Pyecombe",BN45 7FE
"46 Kerria Way, West End",GU24 9XB
"The Old Chapel, 43 Westfield Road, Leeds",LS3 1NQ
"9 North Rise, London",W2 2YB
"1 Anstiebury Close, Beare Green",RH5 4RE
"Flat 16, Stag Heights, 2 Stag Lane, Buckhurst Hill",IG9 5JU
"32 New Street, Lutterworth",LE17 4PQ
"1 Warren Place, Hertford",SG14 1BB
"Flat 192, Glebe Court, London Road, Mitcham",CR4 3NY
"1 New Ealing Broadway, London",W5 2NU
"2 Bandleyside Cottage, Burrells",CA16 6EG
"50 Mendip Crescent, Bedford",MK41 9EP
"49 Manor Way, Peterlee",SR8 5RN
"3 Bryn Draw Terrace, Wrexham",LL13 7DF
"20 Crane Street, London",SE10 9NP
"10 Newport Road, Woolstone",MK15 0AT
"97 Nottingham Road, Borrowash",DE72 3FN
"5 Monmouth Road, Harlington",LU5 6NE
"11 Briarbank Avenue, Nottingham",NG3 6JU
"North Oaks, Frith Lane, Wickham",PO17 5AW
"1 Helford Walk, Woking",GU21 3PL
"Kirkstone Pass, Downs Stables, Manor Road, Wantage",OX12 8NF
"25 Victoria Street, Wolverton",MK12 5HG
"Fallowfields, Shaftesbury Road, Gillingham",SP8 4GJ
"35 Harcourt Road, London",SE4 2AJ
"65 Cavendish Place, Sunderland",SR3 1JP
"276 Albert Royds Street, Rochdale",OL16 2UE
"17 Mason Close, Malvern",WR14 2NF
"7 Windsor Court, Penarth",CF64 3AT
"26 Timberley Drive, Grimsby",DN37 9QY
"4 Oaklands, Riding Mill",NE44 6AS
"8 Adlington Avenue, Poulton-Le-Fylde",FY6 7FN
"26 Baxter Court, Norwich",NR3 2SS
"3 Rose Avenue, Doncaster",DN4 8BH
"4 Church Street, Chesham",HP5 1HT
"3 Copperhouse View, Phillack",TR27 5AY
"5 Elmtree Grove, West Winch",PE33 0PU
"Unit 1, Steeple Court, Cambridge Street, St Neots",PE19 1QB
"24 James Lloyd Drive, Stamford Bridge",YO41 1FF
"762 Beechley Drive, Cardiff",CF5 3SL
"79 Beach Street, Deal",CT14 6JA
"Unit C, Meadow View Business Park, Winchester Road, Upham",SO32 1HJ
"3 Worsten Avenue, Blackburn",BB2 4EG
"5 Caewern, Glanwern",SY24 5NB
"85 Bury Road, Radcliffe",M26 2UT
"15 Parkside, Groby",LE6 0EB
"167 Pavilion Road, London",SW1X 0BW
"2 Onedin Close, Dersingham",PE31 6QH
"15 Delaware Road, Lewes",BN7 1LD
"Flat 23, The Waters Edge Apartments, Eastwood Road, Penryn",TR10 8JZ
"12 Birch Drive, Brantham",CO11 1TF
"3 South Sea Road, Flamborough",YO15 1NQ
"Ffridd Fach, Llanarmon Dyffryn Ceiriog",LL20 7LG
"The Orchard, Lambfair Green, Cowlinge",CB8 9HY
"1 Ambleside Close, Basingstoke",RG22 5GZ
"5 Castle Mews, Sunderland",SR3 3DX
"81 Fernhill Road, Bootle",L20 9HE
"5 Island Avenue, Cranbrook",EX5 7HL
"Duckworth Cottage, Station Road, Sandycroft",CH5 2PZ
"26 Kirkland Close, Hereford",HR1 1XP
"91 Windingbrook Lane, Collingtree",NN4 0EB
"1 Attfield Cottages, Littlefield Common, Guildford",GU3 3HJ
"11 Bush Close, Ilford",IG2 7NL
"2 Wintersell Farm Cottage, Dwelly Lane, Edenbridge",TN8 6QD
"21 Merlin Close, Waterlooville",PO8 9AZ
"Kestrel Grove Nursing Home, Peveril Court, Ripley",DE5 3NR
"3 Abbey House, Cirencester",GL7 2QU
"Tunstall Farmhouse, Mountfield",TN32 5LB
"28 Towneley Avenue, Accrington",BB5 6LP
"4 Parklands Mews, Hessle",HU13 0DB
"266 Desborough Avenue, High Wycombe",HP11 2TJ
"Quarry Lodge, Lord Street, Dalton-In-Furness",LA15 8HQ
"23 Rainsford Crescent, Middlesbrough",TS3 9HG
"2 Plantation Park, University Of Keele",ST5 5NA
"Flat 4, 3 Bethwin Road, London",SE5 0YJ
"Woodland Cottage, Green Bank Lane, Cartmel",LA11 7SQ
"8 Gresley Close, Liverpool",L7 5QY
"6 Catkin Close, Chineham",RG24 8XY
"20 Wood Road, Liverpool",L26 1UZ
"1 Willington Avenue, Wirral",CH62 9EB
"26 Town House Road, Littleborough",OL15 9BG
